{
	"partitions" : [
		{
			"name" : "Top",
			"pins" : [
				{
					"name" : "Dout[0]",
					"strict" : false
				},
				{
					"name" : "Dout[1]",
					"strict" : false
				},
				{
					"name" : "Dout[2]",
					"strict" : false
				},
				{
					"name" : "Dout[3]",
					"strict" : false
				},
				{
					"name" : "Dout[4]",
					"strict" : false
				},
				{
					"name" : "Dout[5]",
					"strict" : false
				},
				{
					"name" : "Dout[6]",
					"strict" : false
				},
				{
					"name" : "Dout[7]",
					"strict" : false
				},
				{
					"name" : "Dout[8]",
					"strict" : false
				},
				{
					"name" : "Dout[9]",
					"strict" : false
				},
				{
					"name" : "Dout[10]",
					"strict" : false
				},
				{
					"name" : "Dout[11]",
					"strict" : false
				},
				{
					"name" : "Dout[12]",
					"strict" : false
				},
				{
					"name" : "Dout[13]",
					"strict" : false
				},
				{
					"name" : "Dout[14]",
					"strict" : false
				},
				{
					"name" : "Dout[15]",
					"strict" : false
				},
				{
					"name" : "Din[0]",
					"strict" : false
				},
				{
					"name" : "Din[1]",
					"strict" : false
				},
				{
					"name" : "Din[2]",
					"strict" : false
				},
				{
					"name" : "Din[3]",
					"strict" : false
				},
				{
					"name" : "Din[4]",
					"strict" : false
				},
				{
					"name" : "Din[5]",
					"strict" : false
				},
				{
					"name" : "Din[6]",
					"strict" : false
				},
				{
					"name" : "Din[7]",
					"strict" : false
				},
				{
					"name" : "Clk",
					"strict" : false
				},
				{
					"name" : "reset",
					"strict" : false
				}
			]
		}
	]
}